"id","text","en_text"
"1380157566483890185","[ ğŸ‡¦ğŸ‡º AUSTRALIE ]

ğŸ”¸ Le cyclone Seroja qui a endeuillÃ© lâ€™IndonÃ©sie se situe Ã  prÃ©sent au large des cÃ´tes et pourrait entrer en interaction avec un autre systÃ¨me cyclonique (23U). Une intensification de Seroja est possible avec un risque dâ€™atterrissage sur lâ€™Australie occidentale. https://t.co/Xj8kZHeyCG https://t.co/NJqok58Ju7","[ ğŸ‡¦ğŸ‡º AUSTRALIA ]

ğŸ”¸ Cyclone Seroja, which has mourned Indonesia, is now located off the coast and could interact with another hurricane system (23U). An intensification of Seroja is possible with a risk of landing on Western Australia. https://t.co/Xj8kZHeyCG https://t.co/NJqok58Ju7"
"1380152677569552392","IndonÃ©sie : Les fortes pluies provoquÃ©es par le cyclone Seroja ont fait plus de 140 morts et des dizaines de disparus, alors que l'aide humanitaire commence Ã  Ãªtre acheminÃ©e par bateau.
Au moins 37 personnes sont Ã©galement dÃ©cÃ©dÃ©es au Timor Oriental.

(@AFP / vidÃ©o @Elin9111) https://t.co/OSgOch04P6","Indonesia: Heavy rains caused by Cyclone Seroja have left more than 140 dead and dozens missing, as humanitarian aid begins to arrive by boat.
At least 37 people have also died in East Timor.

(@AFP / video @Elin9111) https://t.co/OSgOch04P6"
"1380150093462917121","@wiena_kinasih @seroja_merah ah...prens...","@wiena_kinasih @seroja_merah ah...prens..."
"1381574622164873217","Absolute devastation

https://t.co/eanEePAwsJ","Absolute devastation

https://t.co/eanEePAwsJ"
"1381571935885221888","L'ouest de l'Australie balayÃ© par le cyclone Seroja | JDM https://t.co/EyQuHCsSA5","Western Australia hit by Cyclone Seroja | JDM https://t.co/EyQuHCsSA5"
"1380543779401310216","Alors que le cyclone tropical #Seroja vient de ravager le sud de lâ€™IndonÃ©sie, le Prince Albert a rÃ©cemment adressÃ© ses condolÃ©ances au prÃ©sident #Monaco https://t.co/uP8T845on4","As tropical cyclone #Seroja has just ravaged southern Indonesia, Prince Albert recently sent his condolences to President #Monaco https://t.co/uP8T845on4"
"1379001195503747074","ExtrÃªmes et alertes dans le monde via catnatnet : Inondations provoquÃ©es par la tempÃªte tropicale Seroja dans l'Est de l'IndonÃ©sie et au Timor Leste https://t.co/XyV7fNYLal","Global extremes and alerts via catnatnet: Flooding from Tropical Storm Seroja in eastern Indonesia and Timor Leste https://t.co/XyV7fNYLal"
"1379001192370540546","ExtrÃªmes et alertes dans le monde via catnatnet : Le cyclone Seroja cause des inondations massives dans le Sud-Est de l'IndonÃ©sie et au Timor-Leste https://t.co/OBxiAxB8W2","Worldwide extremes and alerts via catnatnet: Cyclone Seroja causes massive flooding in Southeast Indonesia and Timor-Leste https://t.co/OBxiAxB8W2"
"1381734914509438983","RT @VoyageGdC: MISE Ã€ JOUR: Le cyclone #Seroja a provoquÃ© des dÃ©gÃ¢ts structurels dans plusieurs localitÃ©s et a perturbÃ© lâ€™approvisionnementâ€¦","RT @VoyageGdC: UPDATE: Cyclone #Seroja caused structural damage in several localities and disrupted supplyâ€¦"
"1381733991032754181","MISE Ã€ JOUR: Le cyclone #Seroja a provoquÃ© des dÃ©gÃ¢ts structurels dans plusieurs localitÃ©s et a perturbÃ© lâ€™approvisionnement en Ã©lectricitÃ©.

Si vous Ãªtes dans une rÃ©gion touchÃ©e, suivez les directives des autoritÃ©s locales. https://t.co/JOUxSfAcYN","UPDATE: Cyclone #Seroja caused structural damage in several localities and disrupted electricity supply.

If you are in an affected area, follow the guidelines of local authorities. https://t.co/JOUxSfAcYN"
"1379338102079111174","Cyclone Seroja : plus de 150 morts en IndonÃ©sie et au Timor oriental https://t.co/sfLmF2ju1I","Cyclone Seroja: more than 150 dead in Indonesia and East Timor https://t.co/sfLmF2ju1I"
"1379335566374801408","Le bilan du cyclone Seroja qui a frappÃ© lâ€™IndonÃ©sie et le Timor oriental nâ€™en finit pas de sâ€™alourdir, avec des pluies torrentielles qui ont provoquÃ© de nombreux glissements de terrain.
https://t.co/RDcEtMuxqL","The toll of cyclone Seroja which hit Indonesia and East Timor continues to grow, with torrential rains which caused numerous landslides.
https://t.co/RDcEtMuxqL"
"1379331514505256960","#Innondation &gt;
ğŸ”´Au moins 157 personnes ont pÃ©ries et des dizaines d'autres sont toujours portÃ©es disparues dans les innondations et les glissements de terrain gÃ©nÃ©rÃ©s par le cyclone tropical Seroja en IndonÃ©sie et au Timor oriental, selon le bilan des autoritÃ©s. https://t.co/EkShGNgXiP","#Flood >
ğŸ”´ At least 157 people have died and dozens more are still missing in the floods and landslides generated by Tropical Cyclone Seroja in Indonesia and East Timor, according to the authorities' report. https://t.co/EkShGNgXiP"
"1379330379262353408","ğŸ‡¹ğŸ‡±Le bilan humain desÂ inondations provoquÃ©esÂ par le cyclone tropical Seroja en #IndonÃ©sie et au Timor oriental (#TimorLeste) ne cesse de s'alourdir avec 157 morts (dont 27 dÃ©cÃ¨s au Timor).
#CycloneSeroja #Seroja #StormHour https://t.co/vBS7XKZqMF","ğŸ‡¹ğŸ‡±The human toll of the floods caused by tropical cyclone Seroja in #Indonesia and East Timor (#TimorLeste) continues to increase with 157 deaths (including 27 deaths in Timor).
#CycloneSeroja #Seroja #StormHour https://t.co/vBS7XKZqMF"
"1380333094776020992","RT @CotedAzurMonaco: Le Prince Albert a rÃ©cemment adressÃ© ses condolÃ©ances au prÃ©sident lâ€™IndonÃ©sie Joko Widodo, tout en lui faisant part dâ€¦","RT @CotedAzurMonaco: Prince Albert recently sent his condolences to Indonesian President Joko Widodo, while telling him ofâ€¦"
"1379369067795058688","Grosses inondations ce week-end en raison de la dÃ©pression tropicale #Seroja qui a fait du surplace Ã  l'Est de la province Nusa Tenggara Oriental. Bilan lourd et cumuls &gt; 500mm par endroits. https://t.co/FUAVVmNIAg","Heavy flooding this weekend due to tropical depression #Seroja which has stalled east of Nusa Tenggara Oriental province. Heavy assessment and accumulations > 500mm in places. https://t.co/FUAVVmNIAg"
"1379366027188785155","Au moins 128 personnes sont mortes et 72 autres sont toujours portÃ©es disparues dans les inondations et Ã©boulements provoquÃ©s par le cyclone tropical Seroja dans la province indonÃ©sienne des Petites Iles de la Sondes orientales, selon le service BNPB. https://t.co/q2LE7lyiJG https://t.co/BM60JfVTJR","At least 128 people died and 72 others are still missing in the floods and landslides caused by tropical cyclone Seroja in the Indonesian province of the Lesser Sunda Islands, according to the BNPB service. https://t.co/q2LE7lyiJG https://t.co/BM60JfVTJR"
"1379079638002102280","(France 24): Le cyclone #Seroja dÃ©vaste l'#IndonÃ©sie et le Timor oriental : Au moins 95 personnes ont perdu la vie, des dizaines d'autres sont toujours portÃ©es disparues dans de violentes inondations et glissements de terrain en.. https://t.co/SiU0xPUm17 https://t.co/42szxfQFXW","(France 24): Cyclone #Seroja devastates #Indonesia and East Timor: At least 95 people have lost their lives, dozens more are still missing in violent floods and landslides in... https: //t.co/SiU0xPUm17 https://t.co/42szxfQFXW"
"1379415790332547080","Double consÃ©quence du rÃ©chauffement et de la dÃ©forestation, des crues soudaines et des glissements de terrain ont emportÃ© plus de 150 personnes en IndonÃ©sie et au Timor oriental, lundi, aprÃ¨s le passage du cyclone Seroja. https://t.co/pE7aFQye10","Dual consequences of global warming and deforestation, flash floods and landslides killed more than 150 people in Indonesia and East Timor on Monday after Cyclone Seroja hit. https://t.co/pE7aFQye10"
"1381592464125988867","Lâ€™ouest de lâ€™Australie balayÃ© par le cyclone Seroja https://t.co/k0yk7v5OYr via @lp_lapresse","Western Australia swept by Cyclone Seroja https://t.co/k0yk7v5OYr via @lp_lapresse"
"1379972511107022851","Bilan humain desÂ inondations provoquÃ©esÂ par le cyclone tropical #Seroja en #IndonÃ©sie, et au Timor oriental (#TimorLeste) alourdi avec 157 morts (dont 27 dÃ©cÃ¨s au Timor).
ğŸ˜±ğŸ˜¢
Source @ambarukmo15.
#InondationsğŸŒŠ #CycloneSeroja #News #StormHour #Info
.Lien: https://t.co/I4YQHG9LNd","Human toll from the floods caused by tropical cyclone #Seroja in #Indonesia, and in East Timor (#TimorLeste) increased with 157 dead (including 27 deaths in Timor).
ğŸ˜±ğŸ˜¢
Source @ambarukmo15.
#FloodsğŸŒŠ #CycloneSeroja #News #StormHour #Info
.Link: https://t.co/I4YQHG9LNd"
"1381329208811618304","IndonÃ©sie : le bilan du cyclone tropical Seroja est passÃ© Ã  174Â morts https://t.co/MqRXIrVqGf","Indonesia: Tropical Cyclone Seroja death toll rises to 174 https://t.co/MqRXIrVqGf"
"1380373179160526849","TempÃªtes tropicales #Seroja &amp; #Odette en cours d'interaction ""Fujiwara"" au large de l'#Australie occidentale. Dans cette valse compÃ©titive, Seroja devrait prendre le dessus et atteindre le stade de cyclone 65kt ce WE avant de toucher terre dimanche soir. https://t.co/mLLQesYLIa https://t.co/XfM8Fzg1Lp","Tropical storms #Seroja & #Odette interacting ""Fujiwara"" off #WesternAustralia. In this competitive waltz, Seroja should take over and reach the 65kt cyclone stage this weekend before making landfall on Sunday evening. https://t.co/mLLQesYLIa https://t.co/XfM8Fzg1Lp"
"1379898338896715779","Je complÃ¨te avec le gif du moment.. on suivra l'effet fujiwara.
#Seroja #climat https://t.co/nQt1DspRZh","I complete with the gif of the moment.. we will follow the fujiwara effect.
#Seroja #climate https://t.co/nQt1DspRZh"
"1379893927491198976","Le cyclone seroja frappe le Western Australia aujourdâ€™hui. Adieu les amis","Cyclone Seroja hits Western Australia today. Farewell friends"
"1379891620997369866","ActivitÃ© ğŸŒ€ sur l'ocÃ©an Indien Sud-Est : tempÃªte tropicale #Seroja (cyclone cat1 sur Ã©chelle australienne) subira ces prochains jours un ""effet Fujiwhara"" avec l'autre systÃ¨me actuellement plus Ã  l'ouest avant de probablement toucher terre sur cÃ´te ouest #Australie dimanche soir. https://t.co/RGYhm5Cbij","Activity ğŸŒ€ on the Southeast Indian Ocean: tropical storm #Seroja (cyclone cat1 on Australian scale) will undergo a ""Fujiwhara effect"" in the coming days with the other system currently further west before probably making landfall on the west coast #Australia Sunday night. https://t.co/RGYhm5Cbij"
"1380860552189255681","Disparues, morts et de sans-abris dans des inondations et des glissements de terrain gÃ©nÃ©rÃ©s par le cyclone tropical Seroja
#Indonesiadisastermanagement
https://t.co/BGa8QMkp8u","Missing, dead and homeless in floods and landslides caused by Tropical Cyclone Seroja
#Indonesiadisastermanagement
https://t.co/BGa8QMkp8u"
"1379840531434364928","Alors que le cyclone tropical Seroja vient de ravager le sud de lâ€™IndonÃ©sie, le Prince Albert a rÃ©cemment adressÃ© ses... https://t.co/4MM0NdJjDd","While tropical cyclone Seroja has just ravaged southern Indonesia, Prince Albert recently addressed his... https://t.co/4MM0NdJjDd"
"1379720931241816066","Inondations meurtriÃ¨res en IndonÃ©sie et au Timor oriental : prÃ¨s de 120 morts aprÃ¨s le passage du cyclone tropical #Seroja

ğŸ“¸ epa / Maxppp https://t.co/dQNruYaOAO","Deadly floods in Indonesia and East Timor: nearly 120 dead after the passage of tropical cyclone #Seroja

ğŸ“¸ epa/Maxppp https://t.co/dQNruYaOAO"
"1380657657233702915","https://t.co/XzGlAtiGmb
Cyclone tropical Seroja : menace ""inhabituelle"" avec la formation de trois cyclones au large des cÃ´tes de l'Australie.
Un Ã©vÃ©nement ""rare"" devrait causer des ravages avec la formation de trois cyclones et un phÃ©nomÃ¨ne mÃ©tÃ©o inhabituel et inquiÃ©tant.","https://t.co/XzGlAtiGmb
Tropical Cyclone Seroja: ""unusual"" threat with the formation of three cyclones off the coast of Australia.
A ""rare"" event is expected to wreak havoc with the formation of three cyclones and an unusual and disturbing weather phenomenon."
"1379089582201835523","#Seroja April 05, 2021 0600h UTC https://t.co/KqN9bxT9DY","#Seroja April 05, 2021 0600h UTC https://t.co/KqN9bxT9DY"
"1379315871139643393","RT @AlainFrNews: Au moins 157 personnes ont trouvÃ© la mort et des dizaines d'autres sont toujours portÃ©es disparues dans les inondations etâ€¦","RT @AlainFrNews: At least 157 people have died and dozens more are still missing in the floods andâ€¦"
"1379315525000560644","Au moins 157 personnes ont trouvÃ© la mort et des dizaines d'autres sont toujours portÃ©es disparues dans les inondations et les glissements de terrain gÃ©nÃ©rÃ©s par le cyclone tropical #Seroja

Lisez ici: https://t.co/2QLPSw2p47

#TesYeuxSurLeMonde #AlAinInfos","At least 157 people have died and dozens more are still missing in the floods and landslides generated by Tropical Cyclone #Seroja

Read here: https://t.co/2QLPSw2p47

#YourEyesSurTheWorld #AlAinInfos"
"1380247758645395456","Un temps terrible pour la vie. Ğ¡yclone Seroja en IndonÃ©sie et au Timor o... https://t.co/UN94B8Kx9U via @YouTube","A terrible time for life. Ğ¡yclone Seroja in Indonesia and Timor o... https://t.co/UN94B8Kx9U via @YouTube"
"1379055269456437249","Watch ""Le cyclone Seroja dÃ©vaste l'IndonÃ©sie et le Timor oriental"" on YouTube https://t.co/ogOTCY0lJa","Watch ""Cyclone Seroja devastates Indonesia and East Timor"" on YouTube https://t.co/ogOTCY0lJa"
"1379052439681257478","Le cyclone Seroja dÃ©vaste lâ€™IndonÃ©sie et le TimorÂ oriental https://t.co/ea9Kt8YbEG","Cyclone Seroja devastates Indonesia and East Timor https://t.co/ea9Kt8YbEG"
"1381535554202927105","ğŸ‡¦ğŸ‡º Australie : ğŸŒ€ Des dÃ©gÃ¢ts importants dans la ville cÃ´tiÃ¨re de #Kalbarri en Australie-Occidentale aprÃ¨s le passage du cyclone #Seroja ce dimanche

(ğŸ“¹ @7NewsAustralia)
https://t.co/TJlaB5fWGi","ğŸ‡¦ğŸ‡º Australia: ğŸŒ€ Significant damage in the coastal town of #Kalbarri in Western Australia after the passage of cyclone #Seroja this Sunday

(ğŸ“¹ @7NewsAustralia)
https://t.co/TJlaB5fWGi"
"1380134858798870529","ğŸ‡®ğŸ‡© IndonÃ©sie : ğŸŒ§ï¸ Les pluies diluviennes du cyclone tropical #Seroja ont fait prÃ¨s de 180 morts en Nusa Tenggara oriental et au Timor-Leste. Plus de 70 personnes sont toujours portÃ©es disparues

(ğŸ“¹ via @Elin9111)
https://t.co/cBbEg4V9ZK","ğŸ‡®ğŸ‡© Indonesia: ğŸŒ§ï¸ The torrential rains of tropical cyclone #Seroja killed nearly 180 people in East Nusa Tenggara and Timor-Leste. More than 70 people are still missing

(ğŸ“¹ via @Elin9111)
https://t.co/cBbEg4V9ZK"
"1379823655392268290","Plus de 150 personnes sont mortes au Timor oriental dans l'est de l'IndonÃ©sie  Ã  la suite de coulÃ©es de boue et de fortes pluies provoquÃ©es par l'ouragan Seroja. https://t.co/ObtCkAgmzh via @NOS","More than 150 people have died in East Timor in eastern Indonesia as a result of mudslides and heavy rains caused by Hurricane Seroja. https://t.co/ObtCkAgmzh via @NOS"
"1379455176436641804","En #Indonesie ğŸ‡®ğŸ‡©, des #inondations et des glissements de terrain provoquÃ©s par le cyclone #Seroja ont fait plus de 120 morts ğŸ¥ @France24_fr https://t.co/gXW5oF6a7R","In #Indonesia ğŸ‡®ğŸ‡©, #floods and landslides caused by cyclone #Seroja killed more than 120 people ğŸ¥ @France24_fr https://t.co/gXW5oF6a7R"
"1381596988299354118","Australie : le cyclone Seroja dÃ©truit la jetÃ©e historique de One Mile https://t.co/h45j5RlUqy","Australia: Cyclone Seroja destroys historic One Mile Pier https://t.co/h45j5RlUqy"
"1381611038718750720","Le cyclone Seroja touche l'Australie occidentale

https://t.co/jkvVtW4hao via @mesvaccins","Cyclone Seroja hits Western Australia

https://t.co/jkvVtW4hao via @myvaccines"
"1381174549232947201","Cyclone Seroja tout proche de toucher terre.. #Cyclone #SEROJA.
Le fameux ""land fall "".. https://t.co/wH3w0GXv18 https://t.co/fbxcSykTQh","Cyclone Seroja very close to landfall.. #Cyclone #SEROJA.
The famous ""land fall"".. https://t.co/wH3w0GXv18 https://t.co/fbxcSykTQh"
"1380408133877596163","Le Cyclone Tropical Seroja devrait apporter des conditions mÃ©tÃ©orologiques dangereuses sur la cÃ´te ouest au cours de dimanche ou lundi. Pour obtenir les derniers changements aux prÃ©visions locales, merci de visiter https://t.co/0PRTInbKbL https://t.co/DLTDGr8IDf","Tropical Cyclone Seroja is expected to bring hazardous weather conditions to the west coast during Sunday or Monday. For the latest local forecast changes, please visit https://t.co/0PRTInbKbL https://t.co/DLTDGr8IDf"
"1381066061957709831","L'ouragan #seroja, le premier degrÃ©, s'approche de la cÃ´te de l '#Australie ğŸ‡¦ğŸ‡º dans les prochaines heures https://t.co/gNzEcMAkQp","Hurricane #seroja, the first degree, is approaching the coast of #Australia ğŸ‡¦ğŸ‡º in the next few hours https://t.co/gNzEcMAkQp"
"1381198892449071106","#Australie-Occidentale : #CycloneSeroja va toucher terre ce dimanche soir entre Kalbarri et Geraldton. Des dÃ©gÃ¢ts dÃ©jÃ  observÃ©s (jetÃ©e de Carnarvon cassÃ©e par mer dÃ©chaÃ®nÃ©e + surcote). #Seroja
Cat3 sur Ã©chelle australienne (65kt/120km/h avec rafales 165km/h) ~cat1 Saffir-Simpson. https://t.co/197c85cjmy","#WesternAustralia: #CycloneSeroja will make landfall this Sunday evening between Kalbarri and Geraldton. Damage already observed (Carnarvon pier broken by raging sea + surge). #Seroja
Cat3 on Australian scale (65kt/120km/h with gusts 165km/h) ~cat1 Saffir-Simpson. https://t.co/197c85cjmy"
"1380523779726700545","â¡ï¸ Elle est suivie par la tempÃªte tropicale Odette, de courte vie, qui devrait elle s'attÃ©nuer du fait de sa proximitÃ© et de son interaction avec Seroja.","â¡ï¸ It is followed by the short-lived Tropical Storm Odette, which should ease due to its proximity and interaction with Seroja."
"1380523774160867335","ğŸ›°ï¸ Vu de l'espace || AprÃ¨s son passage et les inondations provoquÃ©es sur l'archipel IndonÃ©sien, #Seroja, la plus au sud des deux, s'est rapprochÃ©e de l'#Australie. Trajectoire vers le Sud-Est en direction des cÃ´tes australiennes prochaines 24h.

ğŸ“¸HIMAWARI8, 09/04, 06h20 UTC https://t.co/iv5DNSX1OY https://t.co/nIJaRxxZxm","ğŸ›°ï¸ Seen from space || After its passage and the floods caused on the Indonesian archipelago, #Seroja, the southernmost of the two, moved closer to #Australia. Trajectory to the South-East towards the Australian coasts next 24 hours.

ğŸ“¸HIMAWARI8, 09/04, 06:20 UTC https://t.co/iv5DNSX1OY https://t.co/nIJaRxxZxm"
"1381506657063202816","RT meteofrance : RT @EKMeteo: #Australie-Occidentale : #CycloneSeroja va toucher terre ce dimanche soir entre Kalbarri et Geraldton. Des dÃ©gÃ¢ts dÃ©jÃ  observÃ©s (jetÃ©e de Carnarvon cassÃ©e par mer dÃ©chaÃ®nÃ©e + surcote). #Seroja
Cat3 sur Ã©chelle australienne (â€¦ https://t.co/kEuWlwc6pt","RT meteofrance: RT @EKMeteo: #WesternAustralia: #CycloneSeroja will make landfall this Sunday evening between Kalbarri and Geraldton. Damage already observed (Carnarvon pier broken by raging sea + surge). #Seroja
Cat3 on Australian scale (â€¦ https://t.co/kEuWlwc6pt"
"1379388602237521924","Au moins 120 morts dans les inondations en IndonÃ©sie et au Timor oriental : des crues soudaines, provoquÃ©es ces derniers jours par le cyclone tropical Seroja, ont semÃ© le chaos entre lâ€™Ã®le indonÃ©sienne de FlorÃ¨s et le Timor oriental https://t.co/zvTVKTjSwb","At least 120 dead in floods in Indonesia and East Timor: flash floods, caused in recent days by tropical cyclone Seroja, have caused chaos between the Indonesian island of Flores and East Timor https://t.co /zvTVKTjSwb"
"1379387294973624320","Au moins 157 personnes ont pÃ©ri et des dizaines dâ€™autres sont encore portÃ©es disparues aprÃ¨s le passage du cyclone tropical Seroja

https://t.co/H3sDuCboRv","At least 157 people have died and dozens more are still missing after Tropical Cyclone Seroja hit

https://t.co/H3sDuCboRv"
"1379027679530385409","â›ˆï¸#Inondations faisant des dizaines de victimes dans le sud-est #IndonÃ©sie &amp; #Timor oriental ces derniers jours en lien avec le systÃ¨me tropical ğŸŒ€#Seroja dans un contexte de #MJO active sur la zone.
&gt;600mm en 3 jours Ã  #Kupang (547mm/48h les 3-4 avril, 306mm/24h le 4). #floods https://t.co/Jh3kWxcC2D","â›ˆï¸#Floods causing dozens of victims in the southeast #Indonesia & #East Timor in recent days in connection with the tropical system ğŸŒ€#Seroja in a context of #MJO active in the area.
>600mm in 3 days at #Kupang (547mm/48h April 3-4, 306mm/24h April 4). #floods https://t.co/Jh3kWxcC2D"
"1381239595061411840","Le cyclone #Seroja a touchÃ© terre en Australie, entre #Kalbarri et #Northampton, l'oeil est encore bien dessinÃ© mais devrait rapidement se dÃ©structurer. En revanche, la perturbation tropicale associÃ©e devrait rÃ©ussir Ã  traverser le territoire de l'Ouest jusqu'Ã  la cÃ´te Sud. https://t.co/uf8flocRab","Cyclone #Seroja made landfall in Australia, between #Kalbarri and #Northampton, the eye is still well drawn but should quickly break down. On the other hand, the associated tropical disturbance should succeed in crossing the territory from the West to the South coast. https://t.co/uf8flocRab"
"1380472882258534401","#IndonÃ©sie ğŸ‡®ğŸ‡© AprÃ©s les inondations mortelles du cyclone Tropicale Seroja, un second Odette dans une danse dangereuse avec Sejora apportera des conditions mÃ©tÃ©orologiques extrÃªmes https://t.co/WAQHZjfeOt","#Indonesia ğŸ‡®ğŸ‡© After the deadly floods of Tropical Cyclone Seroja, a second Odette in a dangerous dance with Sejora will bring extreme weather conditions https://t.co/WAQHZjfeOt"
"1380580973939617792","RT @AsiaNews_FR: #IndonÃ©sie ğŸ‡®ğŸ‡© AprÃ©s les inondations mortelles du cyclone Tropicale Seroja, un second Odette dans une danse dangereuse avecâ€¦","RT @AsiaNews_FR: #Indonesia ğŸ‡®ğŸ‡© After the deadly floods of Tropical Cyclone Seroja, a second Odette in a dangerous dance withâ€¦"
"1380453235643842560","Attention âš ï¸ A 200 km / h! Le cyclone tropical Seroja frappe l'ouest de ... https://t.co/7xJFN3cojm via @YouTube","Watch out âš ï¸ At 200 km / h! Tropical Cyclone Seroja hits western ... https://t.co/7xJFN3cojm via @YouTube"
"1380510241859768320","Un nouveau cyclone se dirige vers l'Indonesie et menace d'y dÃ©clencher davantage d'inondations et de glissements de terrain ont averti les autoritÃ©s, alors que l'archipel se remet Ã  peine du passage de la tempÃªte tropicale Seroja qui aurait tuÃ© plus de 200 personnes. https://t.co/zqNhYaRadf","A new cyclone is heading towards Indonesia and threatens to trigger more floods and landslides there, authorities have warned, as the archipelago barely recovers from the passage of Tropical Storm Seroja which is estimated to have killed more than 200 people. https://t.co/zqNhYaRadf"
"1379694802418143232","RT meteofrance : ğŸ›°ï¸ Vu de l'espace || Le passage du cyclone tropical #Seroja a provoquÃ© des crues importantes sur les petites Ã®les de la Sonde orientales qui se trouvent Ã  l'est de l'archipel indonÃ©sien. Inondations et glissements de terrains ont causÃ© dâ€¦ https://t.co/6caem6vzEm","RT meteofrance: ğŸ›°ï¸ Seen from space || The passage of tropical cyclone #Seroja caused significant flooding on the small eastern Sunda islands located east of the Indonesian archipelago. Floods and landslides have causedâ€¦ https://t.co/6caem6vzEm"
"1380606809031987202","Le cyclone tropical #Seroja devrait toucher terre au sud-ouest de lâ€™#Australie autour du 11 avril. Des services essentiels pourraient Ãªtre gravement perturbÃ©s.

Si vous y Ãªtes faites preuve de prudence et surveillez les mÃ©dias et bulletins mÃ©tÃ©orologiques. https://t.co/EYs2TMTe5A https://t.co/DsXLdThHgK","Tropical cyclone #Seroja is expected to make landfall in southwestern #Australia around April 11. Essential services could be seriously disrupted.

If you are there, exercise caution and monitor the media and weather reports. https://t.co/EYs2TMTe5A https://t.co/DsXLdThHgK"
"1379470679649751044","ğŸ”´ #Cyclone #Seroja : plusieurs dizaines de personnes restent portÃ©es disparues en #IndonÃ©sie.

Dâ€™importantes #inondations et des glissements de terrain ont emportÃ© des habitations ğŸ‘‡ğŸ¼
https://t.co/aFmxzfW3N7","ğŸ”´ #Cyclone #Seroja: dozens of people remain missing in #Indonesia.

Major #floods and landslides washed away homes ğŸ‘‡ğŸ¼
https://t.co/aFmxzfW3N7"
"1379465221119602693","Le bilan du passage du cyclone Seroja passe Ã  128 morts #cyclone #Seroja #bilan #128morts #Agencenationaledegestiondescatastrophes #BNPB #provinceindonÃ©siennedesPetitesIlesdelaSondesorientales https://t.co/5GvOjSv2Fg","The toll of the passage of cyclone Seroja rises to 128 dead #cyclone #Seroja #bilan #128morts #Agencenationaledegestiondescatastrophes #BNPB #provinceindonÃ©siennedesPetitesIlesdelaSondesorientales https://t.co/5GvOjSv2Fg"
"1381639685655703553","Ouragan 170 km / h! Le cyclone Seroja provoque des destructions Ã  Kalbar... https://t.co/okx4pwggmT via @YouTube","Hurricane 170 km / h! Cyclone Seroja causes destruction in Kalbar... https://t.co/okx4pwggmT via @YouTube"
"1379353329206243328","Au moins 157 personnes ont pÃ©ri et plus de 70 personnes sont encore portÃ©es disparues dans les inondations qui ont suivi le cyclone Seroja en IndonÃ©sie et au Timor oriental. https://t.co/r7jMzgcMXs","At least 157 people have died and more than 70 people are still missing in the floods that followed Cyclone Seroja in Indonesia and East Timor. https://t.co/r7jMzgcMXs"
"1379351572967256064","RT @CGTNFrancais: Des inondations et des glissements de terrain dÃ©clenchÃ©s par le cyclone tropical #Seroja ont fait au moins 113 morts dansâ€¦","RT @CGTNFrancais: Flooding and landslides triggered by tropical cyclone #Seroja have claimed at least 113 lives inâ€¦"
"1379349836277837826","Des inondations et des glissements de terrain dÃ©clenchÃ©s par le cyclone tropical #Seroja ont fait au moins 113 morts dans le sud-est de l'#IndonÃ©sie et au Timor oriental. https://t.co/vVkYRHQJFf æ¥è‡ª @CGTNFrancais","Floods and landslides triggered by tropical cyclone #Seroja have claimed at least 113 lives in southeastern #Indonesia and East Timor. https://t.co/vVkYRHQJFf æ¥è‡ª @CGTNFrancais"
"1379348148171153410","ğŸ”´ ALERTE INFO. 157 morts et des dizaines de disparus aprÃ¨s de graves glissements de terrain et des #inondations provoquÃ©s par le cyclone tropical #Seroja en #IndonÃ©sie et au #Timor oriental (autoritÃ©s). https://t.co/7v9p0maLnM","ğŸ”´ NEWS ALERT. 157 dead and dozens missing after severe landslides and #floods caused by tropical cyclone #Seroja in #Indonesia and #East Timor (authorities). https://t.co/7v9p0maLnM"
"1379345139655671816","Le bilan du passage du cyclone Seroja en IndonÃ©sie passe Ã  128 morts https://t.co/kU3xIGkhU7 https://t.co/Lr7NQGdzCC","Death toll from Cyclone Seroja in Indonesia rises to 128 https://t.co/kU3xIGkhU7 https://t.co/Lr7NQGdzCC"
"1379344479325450240","IndonÃ©sie : Au moins 128 personnes sont mortes &amp; 72 restent portÃ©es disparues dans les inondations &amp; glissements de terrain dÃ©clenchÃ©s par le cyclone tropical Seroja dans la province de Nusa Tenggara Est, a annoncÃ© l'agence nationale d'attÃ©nuation des effets des catastrophes. https://t.co/qwImllcAYD","Indonesia: At least 128 people have died & 72 remain missing in floods & landslides triggered by Tropical Cyclone Seroja in East Nusa Tenggara province, the national disaster mitigation agency has announced. https://t.co/qwImllcAYD"
"1378823760703283206","Le systÃ¨me de basse pression et dÃ©signÃ© 99S s'est consolidÃ© et est donc devenu un phÃ©nomÃ¨ne cyclonique tropical baptisÃ© Seroja (vs 75 km/h rafales 100 km/h 993 hPa) Ã  la pointe Sud-Ouest de l'Ã®le de Timor et au Nord-Ouest de l'Australie. https://t.co/UfeMb3VMU5","The low pressure system and designated 99S has consolidated and has therefore become a tropical cyclonic phenomenon called Seroja (vs 75 km/h gusts 100 km/h 993 hPa) at the southwestern tip of the island of Timor and at the North West Australia. https://t.co/UfeMb3VMU5"
"1379015383819112448","â€¢ Le bilan des inondations et glissements de terrain provoquÃ©s par le cyclone tropical Seroja au sud-est de lâ€™IndonÃ©sie et au Timor oriental sâ€™est alourdi

â€¢ On compte dÃ©sormais plus de 90 morts et des dizaines de disparus

https://t.co/qoMNpq3hcJ","â€¢ The death toll from floods and landslides caused by Tropical Cyclone Seroja in southeastern Indonesia and East Timor has increased

â€¢ There are now more than 90 dead and dozens missing

https://t.co/qoMNpq3hcJ"
"1380781923044327426","RT meteofrance : â¡ï¸ Elle est suivie par la tempÃªte tropicale Odette, de courte vie, qui devrait elle s'attÃ©nuer du fait de sa proximitÃ© et de son interaction avec Seroja. https://t.co/MSprk3LmNB","RT meteofrance: â¡ï¸ It is followed by the short-lived tropical storm Odette, which should ease due to its proximity and interaction with Seroja. https://t.co/MSprk3LmNB"
"1380781919839850498","RT meteofrance : ğŸ›°ï¸ Vu de l'espace || AprÃ¨s son passage et les inondations provoquÃ©es sur l'archipel IndonÃ©sien, #Seroja, la plus au sud des deux, s'est rapprochÃ©e de l'#Australie. Trajectoire vers le Sud-Est en direction des cÃ´tes australiennes prochainâ€¦ https://t.co/p8ByQGm9Q6","RT meteofrance: ğŸ›°ï¸ Seen from space || After its passage and the floods caused on the Indonesian archipelago, #Seroja, the southernmost of the two, moved closer to #Australia. Trajectory to the South-East towards the Australian coasts nextâ€¦ https://t.co/p8ByQGm9Q6"
"1381561120914206720","Lâ€™ouest de lâ€™Australie balayÃ© par le cyclone Seroja https://t.co/psLevJceHp","Western Australia swept by Cyclone Seroja https://t.co/psLevJceHp"
"1378975484894121986","ğŸ‡®ğŸ‡© IndonÃ©sie : ğŸŒ§ï¸ Crues Ã©clairs et glissements de terrain en Nusa Tenggara oriental et dans le pays voisin du Timor-Leste au passage de la tempÃªte tropicale #Seroja.

Plus de 75 morts et des dizaines de blessÃ©s sont Ã  dÃ©plorer

(ğŸ“¹ via @cicibancaa)
https://t.co/FIhfgtl2bs","ğŸ‡®ğŸ‡© Indonesia: ğŸŒ§ï¸ Flash floods and landslides in East Nusa Tenggara and neighboring Timor-Leste as tropical storm #Seroja passes.

More than 75 dead and dozens injured are to be deplored

(ğŸ“¹ via @cicibancaa)
https://t.co/FIhfgtl2bs"
"1378965650450841600","#Indonesie ğŸ‡®ğŸ‡© - Images du naufrage du KMP Jatra 1 au port de Bolok, Kupang, lundi (04/05/2021) suite aux dÃ©gÃ¢ts causÃ©s par le cyclone Seroja. Le navire a Ã©tÃ© inaugurÃ© (10/03/2021) avec l'espoir de pouvoir desservir la route Kupang-Rote-Larantuka-Kalabahi
https://t.co/0eWLFqa5Ap","#Indonesia ğŸ‡®ğŸ‡© - Images of the sinking of the KMP Jatra 1 at the port of Bolok, Kupang, on Monday (04/05/2021) following the damage caused by cyclone Seroja. The ship was inaugurated (03/10/2021) with the hope of being able to serve the Kupang-Rote-Larantuka-Kalabahi route
https://t.co/0eWLFqa5Ap"
"1379433981599354880","ğŸ›°ï¸ Vu de l'espace || Le passage du cyclone tropical #Seroja a provoquÃ© des crues importantes sur les petites Ã®les de la Sonde orientales qui se trouvent Ã  l'est de l'archipel indonÃ©sien. Inondations et glissements de terrains ont causÃ© de nombreux dÃ©gÃ¢ts.

ğŸ“¸TERRA, 06/04, 2h UTC https://t.co/wPidOGEv5c","ğŸ›°ï¸ Seen from space || The passage of tropical cyclone #Seroja caused significant flooding on the small eastern Sunda islands located east of the Indonesian archipelago. Floods and landslides caused extensive damage.

ğŸ“¸TERRA, 06/04, 2am UTC https://t.co/wPidOGEv5c"
"1379426732831240197","ğŸ‡®ğŸ‡©  ğŸ‡¹ğŸ‡± Au sud de l'IndonÃ©sie et au Timor oriental, le cyclone Seroja a entraÃ®nÃ© des inondations, des coulÃ©es de boue et des glissements de terrain. Le bilan, pour les deux pays, s'Ã©lÃ¨ve Ã  157 morts et plus de 70 disparus. https://t.co/lEYniM19AF","ğŸ‡®ğŸ‡© ğŸ‡¹ğŸ‡± In southern Indonesia and East Timor, Cyclone Seroja brought flooding, mudslides and landslides. The balance sheet, for the two countries, amounts to 157 dead and more than 70 missing. https://t.co/lEYniM19AF"
"1379426164905742338","ğŸ‡®ğŸ‡© IndonÃ©sie | Des pluies torrentielles ont semÃ© le chaos dans ces deux pays asiatiques, situÃ©s dans la mer de FlorÃ¨s. Au moins 120 personnes ont pÃ©ri, des milliers se retrouvent sans-abris.
https://t.co/VOE3pWGyEJ","ğŸ‡®ğŸ‡© Indonesia | Torrential rains sowed chaos in these two Asian countries, located in the Flores Sea. At least 120 people have died, thousands are left homeless.
https://t.co/VOE3pWGyEJ"
"1379422528649666577","Des pluies diluviennes se sont abattues sur l'IndonÃ©sie et le Timor oriental aprÃ¨s le passage du cyclone #Seroja, entraÃ®nant la mort d'au moins 120 personnes et forÃ§ant au moins 10 000 habitants Ã  se rÃ©fugier dans des abris d'urgence.
https://t.co/qMvFw4oYLl https://t.co/8001l5MhOn","Heavy rains battered Indonesia and East Timor following Cyclone #Seroja, killing at least 120 people and forcing at least 10,000 residents into emergency shelters.
https://t.co/qMvFw4oYLl https://t.co/8001l5MhOn"
"1381169421985570816","@seroja_merah Double Honor donk... Plus lain2...","@seroja_merah Double Honor donk... Plus other..."
"1379738860146544640","Lâ€™IndonÃ©sie et le Timor oriental touchÃ©s par un puissant cyclone - Vatican News https://t.co/xZBQpC7aHi","Indonesia and East Timor hit by powerful cyclone - Vatican News https://t.co/xZBQpC7aHi"
"1379738467278716929","Les deux pays situÃ©s dans la mer de FlorÃ¨s ont Ã©tÃ© touchÃ©s dans la nuit de samedi Ã  dimanche par le puissant cyclone tropical Seroja. Au moins 120 personnes sont mortes, des milliers se retrouvent sans-abris. #Indonesia #TimorLeste

ğŸ“Œ https://t.co/kLdTdlF6q8","The two countries located in the Flores Sea were hit overnight from Saturday to Sunday by the powerful tropical cyclone Seroja. At least 120 people have died, thousands are left homeless. #Indonesia #TimorLeste

ğŸ“Œ https://t.co/kLdTdlF6q8"
"1381696919450361858","Le cyclone #Seroja touche l'#Australie occidentale https://t.co/W4c7P1Ftwv","Cyclone #Seroja hits #WesternAustralia https://t.co/W4c7P1Ftwv"
"1380068914089107456","Le Prince Albert a rÃ©cemment adressÃ© ses condolÃ©ances au prÃ©sident lâ€™IndonÃ©sie Joko Widodo, tout en lui faisant part de son Ã©motion et de sa sympathie envers le peuple indonÃ©sien.Â 
https://t.co/mIjncgd8Ob","Prince Albert recently sent his condolences to Indonesian President Joko Widodo, while expressing his emotion and sympathy for the Indonesian people.
https://t.co/mIjncgd8Ob"